{"cameraMode":{"drawMode":0,"name":"Shaded","section":"Shading Mode"},"sceneLighting":true,"audioPlay":false,"sceneViewState":{"m_AlwaysRefresh":false,"showFog":true,"showSkybox":true,"showFlares":true,"showImageEffects":true,"showParticleSystems":true,"showVisualEffectGraphs":true,"m_FxEnabled":true},"in2DMode":false,"pivot":{"x":-8.126005172729493,"y":3.057361125946045,"z":3.5343234539031984},"rotation":{"x":0.21930594742298127,"y":-0.47997862100601199,"z":0.12525276839733125,"w":0.840189516544342},"size":41.855525970458987,"orthographic":false}