{"cameraMode":{"drawMode":0,"name":"Shaded","section":"Shading Mode"},"sceneLighting":false,"audioPlay":false,"sceneViewState":{"m_AlwaysRefresh":false,"showFog":true,"showSkybox":false,"showFlares":true,"showImageEffects":true,"showParticleSystems":true,"showVisualEffectGraphs":true,"m_FxEnabled":true},"in2DMode":false,"pivot":{"x":0.05038422346115112,"y":0.950947105884552,"z":0.03838706016540527},"rotation":{"x":0.06247033551335335,"y":-0.7482807040214539,"z":0.07113209366798401,"w":0.6566527485847473},"size":1.6555837392807007,"orthographic":false}